cohort,feature_set,target,model,n,pearson_r,spearman_r,r2,rmse,mae
"CGMacros (LOPO, internal)",core (5 features),iauc,xgboost,1699,0.4866,0.489,0.2364,2371.555,1720.065
"CGMacros (LOPO, internal)",core (5 features),auc,xgboost,1699,0.8156,0.8234,0.6622,2832.809,2063.333
"CGMacros (LOPO, internal)",core (5 features),peak_rise,xgboost,1699,0.5077,0.5023,0.2575,30.648,22.792
"BIG IDEAs (LOPO, internal)",core (5 features),iauc,xgboost,656,0.4626,0.5433,0.2092,1635.939,1183.913
"BIG IDEAs (LOPO, internal)",core (5 features),auc,xgboost,656,0.6252,0.6577,0.3901,1934.406,1454.123
"BIG IDEAs (LOPO, internal)",core (5 features),peak_rise,xgboost,656,0.4827,0.5207,0.2311,23.044,17.584
BIG IDEAs (external transfer),core (5 features),iauc,xgboost,656,0.2274,0.2786,0.0084,1831.895,1434.884
BIG IDEAs (external transfer),core (5 features),iauc,mean,656,,,-0.2097,2023.321,1715.565
BIG IDEAs (external transfer),core (5 features),iauc,carb-only linear,656,0.3624,0.4753,-0.0395,1875.619,1559.232
BIG IDEAs (external transfer),core (5 features),auc,xgboost,656,0.5686,0.6137,0.2052,2208.26,1649.391
BIG IDEAs (external transfer),core (5 features),auc,mean,656,,,-0.0004,2477.446,1936.287
BIG IDEAs (external transfer),core (5 features),auc,carb-only linear,656,0.2882,0.3377,0.0823,2372.836,1826.146
BIG IDEAs (external transfer),core (5 features),peak_rise,xgboost,656,0.2232,0.2659,0.0245,25.956,20.434
BIG IDEAs (external transfer),core (5 features),peak_rise,mean,656,,,-0.1317,27.958,23.399
BIG IDEAs (external transfer),core (5 features),peak_rise,carb-only linear,656,0.3574,0.4741,0.0239,25.964,21.489
"CGMacros (LOPO, internal)",macro (7 features),iauc,xgboost,1699,0.4913,0.4961,0.2413,2363.916,1720.603
"CGMacros (LOPO, internal)",macro (7 features),auc,xgboost,1699,0.8187,0.8249,0.6677,2809.811,2065.05
"CGMacros (LOPO, internal)",macro (7 features),peak_rise,xgboost,1699,0.5142,0.5089,0.2644,30.505,22.828
"BIG IDEAs (LOPO, internal)",macro (7 features),iauc,xgboost,656,0.4743,0.5454,0.2225,1622.137,1174.557
"BIG IDEAs (LOPO, internal)",macro (7 features),auc,xgboost,656,0.6348,0.6667,0.4029,1913.996,1440.709
"BIG IDEAs (LOPO, internal)",macro (7 features),peak_rise,xgboost,656,0.4827,0.5126,0.2316,23.038,17.646
BIG IDEAs (external transfer),macro (7 features),iauc,xgboost,558,0.2715,0.3193,0.0202,1878.173,1474.788
BIG IDEAs (external transfer),macro (7 features),iauc,mean,558,,,-0.177,2058.549,1731.053
BIG IDEAs (external transfer),macro (7 features),iauc,carb-only linear,558,0.3887,0.5047,0.008,1889.839,1556.385
BIG IDEAs (external transfer),macro (7 features),auc,xgboost,558,0.5806,0.6215,0.2191,2273.872,1698.406
BIG IDEAs (external transfer),macro (7 features),auc,mean,558,,,-0.0,2573.159,2020.355
BIG IDEAs (external transfer),macro (7 features),auc,carb-only linear,558,0.3005,0.3467,0.0874,2458.105,1897.603
BIG IDEAs (external transfer),macro (7 features),peak_rise,xgboost,558,0.2569,0.2938,0.0368,26.519,20.828
BIG IDEAs (external transfer),macro (7 features),peak_rise,mean,558,,,-0.1183,28.574,23.843
BIG IDEAs (external transfer),macro (7 features),peak_rise,carb-only linear,558,0.389,0.5077,0.0565,26.246,21.483
