target,predictor,component,coef,se,pvalue
auc,carbs,within-subject,581.552,88.647,0.0
auc,protein,within-subject,-340.219,85.828,0.0001
auc,fat,within-subject,-97.827,94.698,0.3016
auc,fiber,within-subject,-29.27,79.826,0.7139
auc,carbs,between-subject,-258.686,3337.544,0.9382
auc,protein,between-subject,7483.329,4913.811,0.1278
auc,fat,between-subject,-3090.424,5461.73,0.5715
auc,fiber,between-subject,-1528.529,1605.652,0.3411
iauc,carbs,within-subject,605.582,68.154,0.0
iauc,protein,within-subject,-214.86,65.987,0.0011
iauc,fat,within-subject,7.562,72.806,0.9173
iauc,fiber,within-subject,-78.936,61.372,0.1984
iauc,carbs,between-subject,65.267,1221.92,0.9574
iauc,protein,between-subject,3701.81,1799.627,0.0397
iauc,fat,between-subject,-2434.852,1995.841,0.2225
iauc,fiber,between-subject,-682.855,586.744,0.2445
peak_rise,carbs,within-subject,7.891,0.876,0.0
peak_rise,protein,within-subject,-2.934,0.848,0.0005
peak_rise,fat,within-subject,0.064,0.935,0.9455
peak_rise,fiber,within-subject,-0.861,0.788,0.2751
peak_rise,carbs,between-subject,0.275,15.471,0.9858
peak_rise,protein,between-subject,47.901,22.785,0.0355
peak_rise,fat,between-subject,-28.469,25.268,0.2599
peak_rise,fiber,between-subject,-10.124,7.428,0.1729
